Card Name,Number of Sales,AVERAGE of Sale Price
Magic - Zendikar Rising: Marauding Blight-Priest - #112 - C - Near Mint,8,$0.24
Magic - Theros Beyond Death: Island - #251 - L - Near Mint,7,$1.88
Magic - Theros Beyond Death: Swamp - #252 - L - Near Mint,6,$1.23
Magic - Theros Beyond Death: Plains - #250 - L - Near Mint,6,$0.54
Magic - Theros Beyond Death: Island - #251 - Near Mint,5,$1.13
Magic - Shadowmoor: Rite of Consumption - C - Near Mint,4,$0.66
Magic - Shadowmoor: Devoted Druid - C - Near Mint Devoted Druid,4,$0.50
Magic - Scars of Mirrodin: Steady Progress - C - Near Mint,4,$0.25
Magic - Magic Origins: Fiery Impulse - #145 - C - Near Mint,4,$0.27
Magic - Kaldheim: Ravenform - #72 - C - Near Mint,4,$0.25
Magic - Conflux: Scattershot Archer - C - Near Mint,4,$0.51
Magic - Aether Revolt: Metallic Rebuke - #39 - C - Near Mint,4,$0.25
Magic - Adventures in the Forgotten Realms: Vampire Spawn - #123 - C - Near Mint,4,$0.01
Magic - Zendikar: Feast of Blood - #88 - U - Near Mint,3,$0.25
Magic - Zendikar Rising: Tajuru Blightblade - #208 - C - Near Mint,3,$0.12
Magic - Urza's Destiny: Wall of Glare - C - Near Mint,3,$0.27
Magic - Timeshifted: Thallid - #86 - S - Near Mint,3,$0.25
Magic - Time Spiral: Grapeshot - #160 - C - Near Mint,3,$0.19
Magic - Modern Horizons 2: Scurry Oak - #172 - U - Near Mint,3,$0.25
Magic - Magic 2013 (M13): Krenko's Command - #139 - C - Near Mint,3,$0.30
Magic - Kaldheim: Elven Ambush - #391 - U - Near Mint,3,$0.25
Magic - Battle for Zendikar: Spawning Bed - #248,3,$0.40
Magic - Battle for Zendikar: Dispel - #76 - C - Near Mint,3,$0.25
Magic - Aether Revolt: Unbridled Growth - #126 - C - Near Mint,3,$0.07
"Magic - Adventures in the Forgotten Realms: Shambling Ghast - #119 - C
- Near Mint",3,$0.15
Magic - Zendikar Rising: Gnarlid Colony - #185 - C - Near Mint,2,$0.05
Magic - Worldwake: Scrib Nibblers - #66 - U - Near Mint,2,$0.25
Magic - Time Spiral: Spirit Loop - #42 - U - Near Mint,2,$0.87
Magic - Time Spiral: Clockspinning - #53 - C - Near Mint,2,$0.27
Magic - Time Spiral: Aspect of Mongoose - #191 - U - Near Mint,2,$1.78
Magic - Throne of Eldraine: Crashing Drawbridge - #217 - C - Near Mint,2,$0.34
Magic - Theros Beyond Death: Transcendent Envoy - #40 - C - Near Mint,2,$0.07
Magic - Theros Beyond Death: Destiny Spinner - #168 - U - Near Mint,2,$1.41
Magic - Tempest: Flickering Ward - #231 - U - Near Mint,2,$5.23
Magic - Shadows over Innistrad: Essence Flux - #61 - U - Near Mint,2,$1.69
Magic - Scars of Mirrodin: Thrummingbird - #47 - U - Near Mint,2,$0.26
Magic - Scars of Mirrodin: Nim Deathmantle - R - Near Mint,2,$2.85
Magic - Scars of Mirrodin: Contagion Clasp - U - Near Mint,2,$0.58
Magic - Rise of the Eldrazi: Ulamog's Crusher - #13 - C - Near Mint,2,$0.27
Magic - Rise of the Eldrazi: Stalwart Shield-Bearers - #46 - C - Near Mint,2,$0.40
Magic - Premium Deck Series: Slivers: Muscle Sliver - C - Near Mint Foil,2,$1.24
Magic - Premium Deck Series: Slivers: Metallic Sliver - C - Near Mint Foil,2,$0.38
Magic - Planechase: Skeleton Shard - U - Near Mint,2,$0.27
Magic - Planechase: Myr Enforcer - C - Near Mint,2,$0.52
Magic - Planechase: Flamekin Harbinger - U - Near Mint,2,$2.09
Magic - Planar Chaos: Psychotrope Thallid - #137 - U - Near Mint,2,$4.20
Magic - New Phyrexia: Volt Charge - C - Near Mint,2,$0.14
Magic - New Phyrexia: Viridian Harvest - C - Near Mint,2,$0.11
Magic - New Phyrexia: Victorious Destruction - C - Near Mint,2,$0.07
Magic - New Phyrexia: Toxic Nim - C - Near Mint,2,$0.12
Magic - New Phyrexia: Spined Thopter - C - Near Mint,2,$0.12
Magic - New Phyrexia: Shriek Raptor - C - Near Mint,2,$0.09
Magic - New Phyrexia: Scrapyard Salvo - C - Near Mint,2,$0.09
Magic - New Phyrexia: Phyrexian Hulk - C - Near Mint,2,$0.06
Magic - New Phyrexia: Defensive Stance - C - Near Mint,2,$0.04
Magic - New Phyrexia: Chained Throatseeker - C - Near Mint,2,$0.07
Magic - Modern Horizons 2: Herd Baloth - #165 - U - Near Mint,2,$0.25
Magic - Modern Horizons 2: Blessed Respite - #150 - Near Mint,2,$0.40
Magic - Magic 2014 (M14): Brave the Elements - #10 - U - Near Mint,2,$0.75
Magic - Magic 2010 (M10): Overrun - #198 - U - Near Mint,2,$1.01
Magic - Magic 2010 (M10): Captain of the Watch - #6 - R - Near Mint,2,$0.52
Magic - Lorwyn: Lignify - #228 - C - Near Mint,2,$1.13
Magic - Khans of Tarkir: Tomb of the Spirit Dragon - #245 - U - Near Mint,2,$0.41
"Magic - Kamigawa: Neon Dynasty: Mountain (299) - JP Full Art - #299 - L
- Near Mint",2,$1.55
Magic - Jumpstart: Unstable Obelisk - #489 - U - Near Mint,2,$0.09
Magic - Innistrad: Midnight Hunt: Outland Liberator (Showcase) - #303 - U - Near Mint,2,$0.25
Magic - Innistrad: Midnight Hunt: Otherworldly Gaze - #67 - C - Near Mint,2,$0.30
Magic - Ikoria: Lair of Behemoths: Parcelbeast - #199 - U - Near Mint,2,$0.26
Magic - Ice Age: Snow-Covered Swamp - #351 - L - Heavily Played,2,$0.87
Magic - Hour of Devastation: Survivors' Encampment - #184 - C - Near Mint,2,$0.28
Magic - Heroes Path Promos: Lash of the Tyrant - C - Near Mint,2,$10.95
Magic - Future Sight: Mesmeric Sliver - #53 - C - Near Mint,2,$0.25
Magic - Dragon's Maze: Crypt Incursion - #23 - C - Near Mint,2,$0.27
Magic - Conflux: Path to Exile - U - Near Mint Path to Exile,2,$2.74
Magic - Betrayers of Kamigawa: Empty-Shrine Kannushi - #2 - U - Lightly Played,2,$0.30
Magic - Avacyn Restored: Seraph Sanctuary - #228 - C - Near Mint,2,$0.60
Magic - Avacyn Restored: Cloudshift - #12 - C - Near Mint,2,$0.41
Magic - Archenemy: Terminate - C - Near Mint,2,$0.39
Magic - Archenemy: Seething Song - C - Lightly Played,2,$0.99
Magic - Adventures in the Forgotten Realms: Portable Hole - #33 - U - Near Mint,2,$0.92
Magic - Adventures in the Forgotten Realms: Owlbear - #198 - C - Near Mint,2,$0.01
Magic - Adventures in the Forgotten Realms: Moon-Blessed Cleric - #26 - U - Near Mint,2,$0.74
Magic - 10th Edition: No Rest for the Wicked - #165 - U - Near Mint,2,$0.45
Magic - 10th Edition: Forbidding Watchtower - #352 - U - Near Mint,2,$0.55
Magic - 10th Edition: Diabolic Tutor - #135 - Near Mint,2,$0.91
Zealot il-Vec,1,$0.05
Vitalize,1,$0.91
Victory's Herald,1,$0.22
Toil/Trouble,1,$0.01
Samite Censer-Bearer,1,$0.02
Rendclaw Trow,1,#DIV/0!
Ramosian Revivalist,1,$0.05
Pestilence Demon,1,$0.65
No Rest for the Wicked,1,$0.46
Magic - Zendikar: Spell Pierce - #67 - C - Near Mint,1,$0.20
Magic - Zendikar: Hellkite Charger - #131 - R - Near Mint Foil,1,$5.00
Magic - Zendikar: Expedition Map - #201 - C - Near Mint,1,$2.98
Magic - Zendikar: Adventuring Gear - #195 - C - Near Mint,1,$0.15
Magic - Worldwake: Ricochet Trap - #87 - U - Near Mint,1,$0.25
Magic - Worldwake: Lightkeeper of Emeria - #12 - U - Near Mint,1,$0.25
Magic - Worldwake: Bazaar Trader - #72 - R - Near Mint,1,$1.25
Magic - War of the Spark: Pollenbright Druid - #173 - C - Near Mint,1,$0.19
Magic - Visions: Righteous Aura - C - Near Mint,1,$0.25
Magic - Visions: Femeref Enchantress - R - Lightly Played,1,$8.89
Magic - Urza's Saga: Pestilence - #147 - C - Near Mint,1,$0.26
Magic - Urza's Destiny: Yawgmoth's Bargain - #75 - R - Near Mint Yawgmoth's Bargain,1,$15.00
Magic - Urza's Destiny: Taunting Elf - #122 - C - Lightly Played,1,$0.18
Magic - Torment: Acorn Harvest - C - Near Mint,1,$0.26
Magic - Time Spiral: Temporal Isolation - #43 - C - Near Mint,1,$0.25
Magic - Time Spiral: Remastered: Haze of Rage - #169 - U - Near Mint,1,$0.39
Magic - Time Spiral: Quilled Sliver - #37 - U - Near Mint,1,$0.32
Magic - Time Spiral: Ground Rift - #162 - C - Near Mint,1,$0.40
Magic - Time Spiral: Gemhide Sliver - U - Near Mint,1,$0.48
Magic - Time Spiral: Gemhide Sliver - #196 - C - Near Mint,1,$0.40
Magic - Throne of Eldraine: Witch's Cottage - #249 - C - Near Mint,1,$0.32
"Magic - Throne of Eldraine: Syr Carah, the Bold - #145 - U - Near Mint",1,$0.14
Magic - Throne of Eldraine: Foulmire Knight (Showcase) - #286 - U - Near Mint,1,$0.25
Magic - Throne of Eldraine: Deafening Silence - #10 - U - Near Mint,1,$1.37
"Magic - Theros Beyond Death: Thryx, the Sudden Storm - #76 - R - Near Mint",1,$0.57
Magic - Theros Beyond Death: Stern Dismissal - #68 - C - Near Mint,1,$0.08
"Magic - Theros Beyond Death: Renata, Called to the Hunt - #196 - U - Near Mint",1,$0.28
"Magic - Theros Beyond Death: Purphoros, Bronze-Blooded - #150 - M - Near Mint",1,$2.28
"Magic - Theros Beyond Death: Polukranos, Unchained - #224 - M - Near Mint",1,$0.77
Magic - Theros Beyond Death: Nadir Kraken - #55 - R - Near Mint,1,$0.47
Magic - Theros Beyond Death: Mirror Shield - #234 - U - Near Mint,1,$0.25
Magic - Theros Beyond Death: Mire Triton - #105 - U - Near Mint,1,$0.11
"Magic - Theros Beyond Death: Kunoros, Hound of Athreos - #222 - R - Near Mint",1,$0.33
Magic - Theros Beyond Death: Hydra's Growth - #172 - Near Mint,1,$0.77
Magic - Theros Beyond Death: Heliod's Intervention - #19 - R - Near Mint,1,$3.73
Magic - Theros Beyond Death: Gray Merchant of Asphodel - #99 - U - Near Mint,1,$0.46
Magic - Theros Beyond Death: Gravebreaker Lamia - #98 - R - Near Mint,1,$0.51
Magic - Theros Beyond Death: Eidolon of Obstruction - #12 - R - Near Mint,1,$0.11
Magic - Theros Beyond Death: Dryad of the Ilysian Grove - #169 - R - Near Mint,1,$16.83
Magic - Theros Beyond Death: Dream Trawler - #214 - R - Near Mint Foil,1,$0.37
Magic - Theros Beyond Death: Dream Trawler - #214 - R - Near Mint,1,$0.23
Magic - Theros Beyond Death: Altar of the Pantheon - #231 - C - Near Mint,1,$0.25
Magic - Stronghold: Wall of Tears - U - Near Mint,1,$1.03
Magic - Strixhaven: School of Mages: Access Tunnel - #262 - U - Near Mint,1,$0.60
"Magic - Streets of New Capenna: Raffine's Tower (Showcase) - #353 - R
- Near Mint",1,$8.94
Magic - Shards of Alara: Sigiled Paladin - U - Near Mint,1,$0.27
Magic - Shadows over Innistrad: Trail of Evidence - #93 - U - Near Mint,1,$0.27
Magic - Scars of Mirrodin: Throne of Geth - U - Near Mint,1,$0.25
Magic - Scars of Mirrodin: Plague Stinger - #75 - C - Near Mint,1,$0.32
Magic - Scars of Mirrodin: Necropede - #185 - U - Near Mint Foil,1,$3.73
Magic - Scars of Mirrodin: Necropede - #185 - U - Near Mint,1,$0.47
Magic - Scars of Mirrodin: Myr Galvanizer - U - Near Mint,1,$0.28
Magic - Scars of Mirrodin: Ichor Rats - #67 - U - Near Mint,1,$1.10
Magic - Scars of Mirrodin: Golem Foundry - C - Near Mint,1,$0.25
Magic - Scars of Mirrodin: Bellowing Tanglewurm - Near Mint,1,$0.56
Magic - Rise of the Eldrazi: Sea Gate Oracle - #85 - C - Near Mint,1,$0.10
Magic - Rise of the Eldrazi: Pestilence Demon - #124 - R - Near Mint,1,$0.65
Magic - Rise of the Eldrazi: Pathrazer of Ulamog - #9 - U - Near Mint Pathrazer of Ulamog,1,$3.50
Magic - Rise of the Eldrazi: Lighthouse Chronologist - #75 - M - Near Mint,1,$10.49
Magic - Return to Ravnica: Hover Barrier - #40 - U - Near Mint,1,$0.30
Magic - Ravnica Allegiance: Open the Gates - #133 - C - Near Mint,1,$0.22
Magic - Premium Deck Series: Slivers: Virulent Sliver - C - Near Mint Foil,1,$0.91
Magic - Premium Deck Series: Slivers: Spined Sliver - U - Near Mint Foil,1,$0.53
Magic - Premium Deck Series: Slivers: Heart Sliver - C - Near Mint Foil,1,$4.48
Magic - Premium Deck Series: Slivers: Gemhide Sliver - C - Near Mint Foil,1,$1.13
Magic - Premium Deck Series: Slivers: Clot Sliver - C - Near Mint Foil,1,$1.25
Magic - Premium Deck Series: Slivers: Acidic Sliver - U - Near Mint Foil,1,$0.96
Magic - Portal: Exhaustion - R - Lightly Played,1,$0.90
Magic - Planechase: Verdant Force - R - Near Mint,1,$0.38
Magic - Planechase: Vedalken Engineer - C - Near Mint,1,$0.34
Magic - Planechase: Taurean Mauler - Near Mint,1,$0.92
Magic - Planechase: Sarcomite Myr - C - Near Mint,1,$0.25
Magic - Planechase: Rumbling Slum - Near Mint,1,$0.12
Magic - Planechase: Rampant Growth - C - Near Mint,1,$0.41
Magic - Planechase: Nuisance Engine - U - Near Mint,1,$0.25
Magic - Planechase: Lodestone Myr - R - Near Mint,1,$0.35
Magic - Planechase: Keep Watch - C - Near Mint,1,$1.07
Magic - Planechase: Iron Myr - C - Near Mint,1,$1.21
Magic - Planechase: Hull Breach - C - Near Mint,1,$0.27
Magic - Planechase: Fires of Yavimaya - U - Near Mint,1,$0.70
Magic - Planechase: Fertilid - Near Mint,1,$0.15
Magic - Planechase: Explosive Vegetation - U - Near Mint,1,$0.25
Magic - Planechase: Cranial Plating - C - Near Mint,1,$0.53
Magic - Planechase: Copper Myr - C - Near Mint,1,$2.34
Magic - Planechase: Broodstar - R - Near Mint,1,$0.54
Magic - Planechase: Arcbound Crusher - U - Near Mint,1,$1.51
Magic - Planar Chaos: Dawn Charm - #4 - C - Near Mint,1,$0.20
Magic - Planar Chaos: Battering Sliver - #95 - C - Near Mint,1,$0.25
Magic - Onslaught: Overwhelming Instinct - U - Near Mint,1,$0.36
Magic - Oath of the Gatewatch: Brute Strength - #103 - C - Near Mint,1,$0.01
Magic - New Phyrexia: Vital Splicer - U - Near Mint,1,$0.15
Magic - New Phyrexia: Vapor Snag - C - Near Mint,1,$0.26
Magic - New Phyrexia: Spire Monitor - C - Near Mint,1,$0.05
Magic - New Phyrexia: Rotted Hystrix - C - Near Mint,1,$0.04
Magic - New Phyrexia: Remember the Fallen - C - Near Mint,1,$0.09
Magic - New Phyrexia: Pestilent Souleater - C - Near Mint,1,$0.08
Magic - New Phyrexia: Parasitic Implant - C - Near Mint,1,$0.08
Magic - New Phyrexia: Numbing Dose - C - Near Mint,1,$0.10
Magic - New Phyrexia: Mycosynth Wellspring - C - Near Mint,1,$0.11
Magic - New Phyrexia: Marrow Shards - #15 - U - Near Mint,1,$0.16
Magic - New Phyrexia: Insatiable Souleater - C - Near Mint,1,$0.07
Magic - New Phyrexia: Grim Affliction - C - Near Mint,1,$0.26
Magic - New Phyrexia: Due Respect - U - Near Mint,1,$0.12
Magic - New Phyrexia: Death-Hood Cobra - C - Near Mint,1,$0.06
Magic - New Phyrexia: Artillerize - C - Near Mint,1,$0.11
Magic - New Phyrexia: Act of Aggression - U - Near Mint,1,$0.20
Magic - Modern Masters 2015: Alloy Myr - #201 - C - Near Mint,1,$0.25
Magic - Modern Horizons: Hollowhead Sliver - #132 - U - Near Mint,1,$0.25
Magic - Modern Horizons: Graveshifter - #94 - U - Near Mint,1,$0.46
Magic - Modern Horizons 2: Wren's Run Hydra - #183 - U - Near Mint,1,$0.25
Magic - Modern Horizons 2: Ornithopter of Paradise - #232 - C - Near Mint,1,$0.37
Magic - Modern Horizons 2: Murktide Regent - #52 - M - Near Mint,1,$12.00
Magic - Modern Horizons 2: Mine Collapse - #135 - C - Near Mint,1,$0.25
Magic - Modern Horizons 2: Late to Dinner - #19 - C - Near Mint,1,$0.25
Magic - Modern Horizons 2: Bottle Golems - #222 - C - Near Mint,1,$0.25
Magic - Mirrodin: Steel Wall - C - Near Mint,1,$0.29
Magic - Mirrodin Besieged: White Sun's Zenith - R - Near Mint,1,$0.25
Magic - Mirrodin Besieged: Viridian Corrupter - #94 - U - Near Mint,1,$0.27
Magic - Mirrodin Besieged: Core Prowler - U - Near Mint,1,$0.53
Magic - Mirage: Final Fortune - Near Mint,1,$18.25
Magic - Mercadian Masques: War Tax - #113 - U - Near Mint,1,$0.76
Magic - Media Promos: Retaliator Griffin - #A4 - P - Near Mint Foil,1,$0.36
"Magic - March of the Machine: Multiverse Legends: Ragavan, Nimble Pilferer - #21 - Near Mint",1,$52.77
Magic - Magic 2014 (M14): Sliver Construct - #218 - C - Near Mint,1,$0.25
Magic - Magic 2014 (M14): Blur Sliver - #129 - C - Near Mint,1,$0.25
Magic - Magic 2014 (M14): Battle Sliver - #128 - U - Near Mint,1,$0.25
Magic - Magic 2013 (M13): Archaeomancer - #41 - C - Near Mint,1,$0.22
Magic - Magic 2012 (M12): Reassembling Skeleton - #104 - U - Lightly Played,1,$0.25
Magic - Magic 2012 (M12): Goblin Grenade - #140 - U - Near Mint,1,$0.49
Magic - Magic 2010 (M10): Terramorphic Expanse - #229 - C - Lightly Played,1,$0.18
Magic - Magic 2010 (M10): Soul Warden - #34 - C - Near Mint Foil,1,$10.75
Magic - Magic 2010 (M10): Sign in Blood - #112 - C - Near Mint,1,$0.30
Magic - Magic 2010 (M10): Relentless Rats - #108 - U - Near Mint Relentless Rats,1,$2.15
Magic - Magic 2010 (M10): Prodigal Pyromancer - #151 - U - Near Mint,1,$0.07
Magic - Magic 2010 (M10): Overrun - #198 - U - Lightly Played,1,$0.25
Magic - Magic 2010 (M10): Llanowar Elves - #189 - C - Near Mint,1,$0.24
Magic - Magic 2010 (M10): Consume Spirit - U - Near Mint Foil,1,$0.56
Magic - Magic 2010 (M10): Burning Inquiry - #128 - C - Near Mint,1,$1.35
Magic - Lorwyn: Prowess of the Fair - U - Near Mint,1,$0.36
Magic - Lorwyn: Oblivion Ring - #34 - C - Near Mint,1,$0.20
Magic - Khans of Tarkir: Goblinslide - #109 - U - Near Mint,1,$0.21
Magic - Kamigawa: Neon Dynasty: Touch the Spirit Realm - #40 - U - Near Mint,1,$0.10
"Magic - Kamigawa: Neon Dynasty: Tatsunari, Toad Rider - #123 - R - Near Mint",1,$0.13
Magic - Kamigawa: Neon Dynasty: Patchwork Automaton - #254 - Near Mint,1,$0.46
Magic - Kamigawa: Neon Dynasty: Mirror Box - #250 - R - Near Mint,1,$1.53
Magic - Kamigawa: Neon Dynasty: Invoke Justice - #21 - R - Near Mint,1,$0.07
"Magic - Kamigawa: Neon Dynasty: Hinata, Dawn-Crowned - #222 - R - Near Mint",1,$0.15
"Magic - Kamigawa: Neon Dynasty: Goro-Goro, Disciple of Ryusei - #145 - R - Near Mint",1,$0.38
Magic - Kamigawa: Neon Dynasty: Forest (301) - JP Full Art - #301 - L - Near Mint,1,$0.94
Magic - Kamigawa: Neon Dynasty: Fang of Shigeki - #183 - C - Near Mint,1,$0.25
Magic - Kamigawa: Neon Dynasty: Containment Construct - #243 - U - Near Mint,1,$0.36
Magic - Kaldheim: Littjara Mirrorlake - #264 - U - Near Mint,1,$0.25
Magic - Kaldheim: Elderfang Disciple - #93 - C - Near Mint,1,$0.25
Magic - Kaldheim: Demonic Gifts - #84 - C - Near Mint,1,$0.25
Magic - Kaldheim: Bloodline Pretender - #235 - U - Near Mint,1,$0.81
Magic - Kaladesh: Wily Bandar - #175 - C - Near Mint,1,$0.25
Magic - Jumpstart: Witch of the Moors - #18 - R - Near Mint,1,$3.15
Magic - Invasion: Harrow - C - Near Mint,1,$0.47
Magic - Innistrad: Midnight Hunt: Play with Fire - #154 - U - Near Mint,1,$1.73
Magic - Innistrad: Midnight Hunt: Cathar Commando - #10 - C - Near Mint,1,$0.26
Magic - Innistrad: Midnight Hunt: Ambitious Farmhand - #2 - U - Near Mint,1,$0.19
Magic - Innistrad: Invisible Stalker - #60 - U - Near Mint,1,$0.54
Magic - Ikoria: Lair of Behemoths: Skull Prophet - #206 - U - Near Mint,1,$0.28
Magic - Ikoria: Lair of Behemoths: Scoured Barrens - #254 - L - Near Mint,1,$0.07
Magic - Ikoria: Lair of Behemoths: Parcelbeast (Showcase) - #304 - U - Near Mint,1,$0.25
Magic - Iconic Masters: Vizkopa Guildmage - #211 - U - Near Mint,1,$0.26
Magic - Gatecrash: Holy Mantle - #17 - U - Lightly Played,1,$0.25
Magic - Gatecrash: Boros Guildgate - #239 - C - Lightly Played,1,$0.09
Magic - Gatecrash: Alpha Authority - #114 - U - Lightly Played,1,$1.22
Magic - Future Sight: Thornweald Archer - #154 - C - Near Mint,1,$0.08
Magic - Future Sight: Magus of the Abyss - #70 - Near Mint,1,$0.23
Magic - Future Sight: Homing Sliver - #118 - C - Near Mint,1,$0.25
Magic - Fifth Dawn: Neurok Stealthsuit - #140 - C - Near Mint,1,$0.39
Magic - Fifth Dawn: Mana Geyser - C - Near Mint,1,$1.90
Magic - Fifth Dawn: Ferropede - U - Near Mint,1,$0.38
Magic - Fallen Empires: Spore Flower - U - Near Mint,1,$0.27
Magic - Eventide: Spitemare - U - Near Mint,1,$0.30
Magic - Eventide: Desecrator Hag - C - Near Mint,1,$0.05
Magic - Eventide: Cauldron Haze - U - Near Mint,1,$0.72
Magic - Eternal Masters: Tragic Slip - #109 - C - Near Mint,1,$0.34
Magic - Eternal Masters: Glacial Wall - #53 - C - Near Mint,1,$0.25
Magic - Eternal Masters: Fog - #167 - C - Near Mint,1,$0.28
Magic - Eldritch Moon: Graf Harvest - #90 - U - Near Mint,1,$0.29
Magic - Duel Decks: Jace vs. Vraska: Archaeomancer - #13 - C - Near Mint,1,$0.25
Magic - Duel Decks: Divine vs. Demonic: Reya Dawnbringer - R - Near Mint,1,$2.00
Magic - Duel Decks: Divine vs. Demonic: Angelic Benediction - U - Near Mint,1,$0.27
Magic - Duel Decks: Blessed vs. Cursed: Seraph Sanctuary - #33 - C - Near Mint,1,$0.59
Magic - Duel Decks: Blessed vs. Cursed: Falkenrath Noble - #57 - U - Near Mint,1,$0.27
Magic - Dragons of Tarkir: Rending Volley - #150 - U - Near Mint,1,$2.19
Magic - Dragon's Maze: Plasm Capture - #91 - R - Near Mint,1,$0.15
Magic - Dragon's Maze: Hidden Strings - #12 - C - Near Mint,1,$0.25
Magic - Dominaria United: Twinferno - #149 - U - Near Mint,1,$0.25
Magic - Dominaria United: Tolarian Terror - #72 - C - Near Mint,1,$0.53
Magic - Dominaria United: Phoenix Chick - #140 - U - Near Mint,1,$0.32
"Magic - Dominaria United: Elas il-Kor, Sadistic Pilgrim (Textured Foil) - #338 - U - Near Mint Foil",1,$2.00
Magic - Dissension: Protean Hulk - #90 - R - Near Mint,1,$6.29
Magic - Dark Ascension: Undying Evil - #77 - C - Lightly Played,1,$0.55
Magic - Dark Ascension: Gravepurge - #65 - C - Lightly Played,1,$0.14
Magic - Core Set 2021: Tolarian Kraken - #80 - U - Near Mint,1,$0.06
Magic - Core Set 2021: Rugged Highlands - #249 - L - Near Mint,1,$0.06
Magic - Core Set 2021: Llanowar Visionary - #193 - C - Near Mint,1,$0.11
Magic - Core Set 2021: Jungle Hollow - #247 - L - Near Mint,1,$0.07
Magic - Core Set 2020: Epicure of Blood - #99 - C - Near Mint,1,$0.08
Magic - Conspiracy: Wrap in Vigor - #183 - C - Near Mint,1,$0.95
Magic - Conspiracy: Take the Crown: Besmirch - #49 - U - Near Mint,1,$0.84
Magic - Conflux: Telemin Performance - R - Near Mint,1,$0.42
"Magic - Conflux: Nicol Bolas, Planeswalker - #120 - M - Near Mint Foil",1,$22.98
Magic - Conflux: Asha's Favor - C - Near Mint,1,$0.28
Magic - Commander: Zendikar Rising: Terramorphic Expanse - #142 - C - Near Mint,1,$0.19
Magic - Commander: Zendikar Rising: Embodiment of Insight - #64 - U - Near Mint,1,$0.11
"Magic - Commander: Streets of New Capenna: Swiftfoot Boots - #382 - U
- Near Mint",1,$0.54
Magic - Commander: Streets of New Capenna: Steelbane Hydra - #313 - R - Near Mint,1,$0.51
Magic - Commander: Streets of New Capenna: Sol Ring - #379 - U - Near Mint,1,$1.27
Magic - Commander: Streets of New Capenna: Slippery Bogbonder - #312 - R - Near Mint,1,$0.40
Magic - Commander: Streets of New Capenna: Rishkar's Expertise - #306 - R - Near Mint,1,$1.50
"Magic - Commander: Streets of New Capenna: Power Conduit - #376 - U
- Near Mint",1,$0.75
Magic - Commander: Streets of New Capenna: Nesting Grounds - #418 - R - Near Mint,1,$1.51
"Magic - Commander: Streets of New Capenna: Karn's Bastion - #410 - R
- Near Mint",1,$2.86
Magic - Commander: Streets of New Capenna: Incubation Druid - #296 - R - Near Mint,1,$0.45
"Magic - Commander: Streets of New Capenna: Generous Gift - #201 - U
- Near Mint",1,$1.88
"Magic - Commander: Streets of New Capenna: Gavony Township - #406
- R - Near Mint",1,$1.00
"Magic - Commander: Streets of New Capenna: Flooded Grove - #402 - R
- Near Mint",1,$1.98
Magic - Commander: Streets of New Capenna: Fellwar Stone - #367 - U - Near Mint,1,$0.78
"Magic - Commander: Streets of New Capenna: Evolution Sage - #287 - U
- Near Mint",1,$0.98
Magic - Commander: Streets of New Capenna: Canopy Vista - #389 - R - Near Mint,1,$0.58
"Magic - Commander: Streets of New Capenna: Arcane Signet - #360 - C
- Near Mint",1,$0.70
"Magic - Commander: Kamigawa: Neon Dynasty: Chishiro, the Shattered Blade - #1 - M - Near Mint",1,$0.26
Magic - Commander: Kaldheim: Lys Alana Huntmaster - #67 - C - Near Mint,1,$0.25
Magic - Commander: Kaldheim: Elvish Promenade - #59 - U - Near Mint,1,$0.93
Magic - Commander Legends: Prava of the Steel Legion - #38 - U - Near Mint,1,$0.19
Magic - Commander Anthology: Thornweald Archer - #154 - Near Mint,1,$0.54
Magic - Commander 2021: Opal Palace - #306 - C - Near Mint,1,$0.10
Magic - Commander 2020: Deathsprout - #208 - U - Near Mint,1,$0.31
Magic - Classic Sixth Edition: Vitalize - #265 - C - Near Mint,1,$0.91
Magic - Born of the Gods: Gorgon's Head - #158 - U - Near Mint,1,$0.65
Magic - Betrayers of Kamigawa: Kaijin of the Vanishing Touch - #39 - U - Near Mint,1,$0.25
Magic - Battle for Zendikar: Titan's Presence - #14 - U - Near Mint,1,$0.25
Magic - Avacyn Restored: Angelic Wall - #4 - C - Near Mint,1,$0.09
Magic - Archenemy: Volcanic Fallout - U - Near Mint,1,$0.25
Magic - Archenemy: Thran Dynamo - U - Near Mint,1,$3.92
Magic - Archenemy: Shriekmaw - U - Near Mint,1,$0.33
Magic - Archenemy: Reassembling Skeleton - U - Near Mint,1,$0.49
Magic - Archenemy: Makeshift Mannequin - U - Near Mint,1,$0.27
Magic - Archenemy: Dragonspeaker Shaman - U - Near Mint,1,$2.62
Magic - Archenemy: Corpse Connoisseur - U - Near Mint,1,$0.35
Magic - Archenemy: Chameleon Colossus - Moderately Played,1,$0.64
Magic - Archenemy: Avatar of Woe - R - Lightly Played,1,$2.45
Magic - Archenemy: Artisan of Kozilek - U - Near Mint,1,$0.52
Magic - Amonkhet: Blazing Volley - #119 - C - Near Mint,1,$0.25
Magic - Alara Reborn: Filigree Angel - R - Near Mint,1,$0.21
Magic - Aether Revolt: Mobile Garrison - #165 - C - Near Mint,1,$0.25
Magic - Aether Revolt: Efficient Construction - #33 - U - Near Mint,1,$0.48
Magic - Adventures in the Forgotten Realms: Wizard Class - #81 - U - Near Mint,1,$1.65
Magic - Adventures in the Forgotten Realms: Wight - #127 - R - Near Mint,1,$0.15
Magic - Adventures in the Forgotten Realms: Warlock Class - #125 - U - Near Mint,1,$0.05
Magic - Adventures in the Forgotten Realms: Vorpal Sword - #124 - R - Near Mint,1,$0.93
Magic - Adventures in the Forgotten Realms: Veteran Dungeoneer - #40 - C - Near Mint,1,$0.25
Magic - Adventures in the Forgotten Realms: Temple of the Dragon Queen (Dungeon Module) - #357 - U - Near Mint,1,$0.26
Magic - Adventures in the Forgotten Realms: Teleportation Circle - #39 - R - Near Mint,1,$3.25
Magic - Adventures in the Forgotten Realms: Secret Door - #71 - C - Near Mint,1,$0.01
"Magic - Adventures in the Forgotten Realms: Scaled Herbalist - #204 - C
- Near Mint",1,$0.02
Magic - Adventures in the Forgotten Realms: Reaper's Talisman - #117 - U - Near Mint,1,$0.05
Magic - Adventures in the Forgotten Realms: Ranger Class - #202 - R - Near Mint,1,$0.25
Magic - Adventures in the Forgotten Realms: Paladin Class - #29 - R - Near Mint,1,$0.38
"Magic - Adventures in the Forgotten Realms: Oswald Fiddlebender - #28
- R - Near Mint",1,$1.49
Magic - Adventures in the Forgotten Realms: Orb of Dragonkind - #157 - R - Near Mint,1,$1.35
Magic - Adventures in the Forgotten Realms: Iron Golem - #247 - U - Near Mint,1,$0.01
Magic - Adventures in the Forgotten Realms: Hobgoblin Captain - #148 - C - Near Mint,1,$0.01
"Magic - Adventures in the Forgotten Realms: Guardian of Faith - #18 - R
- Near Mint",1,$1.90
Magic - Adventures in the Forgotten Realms: Green Dragon - #186 - U - Near Mint,1,$0.04
Magic - Adventures in the Forgotten Realms: Grand Master of Flowers (Borderless) - #282 - M - Near Mint,1,$0.69
Magic - Adventures in the Forgotten Realms: Flumph - #15 - R - Near Mint,1,$0.44
Magic - Adventures in the Forgotten Realms: Fighter Class - #222 - R - Near Mint,1,$0.75
Magic - Adventures in the Forgotten Realms: Fifty Feet of Rope - #244 - U - Near Mint,1,$0.01
Magic - Adventures in the Forgotten Realms: Feign Death - #103 - C - Near Mint,1,$0.51
Magic - Adventures in the Forgotten Realms: Eye of Vecna - #243 - R - Near Mint,1,$0.33
Magic - Adventures in the Forgotten Realms: Evolving Wilds - #256 - C - Near Mint,1,$0.05
"Magic - Adventures in the Forgotten Realms: Ebondeath, Dracolich - #100 - M - Near Mint",1,$2.50
Magic - Adventures in the Forgotten Realms: Dungeon Descent - #255 - R - Near Mint,1,$0.18
Magic - Adventures in the Forgotten Realms: Druid Class - #180 - U - Near Mint,1,$0.78
Magic - Adventures in the Forgotten Realms: Dragon's Fire - #139 - C - Near Mint,1,$0.05
Magic - Adventures in the Forgotten Realms: Dragon Turtle - #56 - R - Near Mint,1,$0.24
Magic - Adventures in the Forgotten Realms: Den of the Bugbear (Dungeon Module) - #351 - R - Near Mint,1,$7.22
Magic - Adventures in the Forgotten Realms: Deadly Dispute - #94 - C - Near Mint,1,$0.90
Magic - Adventures in the Forgotten Realms: Critical Hit - #137 - U - Near Mint,1,$0.07
Magic - Adventures in the Forgotten Realms: Cleric Class - #6 - U - Near Mint Foil,1,$1.51
Magic - Adventures in the Forgotten Realms: Burning Hands - #135 - U - Near Mint,1,$0.03
Magic - Adventures in the Forgotten Realms: Asmodeus the Archfiend - #88 - R - Near Mint,1,$0.20
Magic - 10th Edition: Soul Warden - #44 - U - Near Mint,1,$1.33
Magic - 10th Edition: Scalpelexis - #105 - R - Lightly Played,1,$0.18
Magic - 10th Edition: Mogg Fanatic - #219 - U - Damaged,1,$0.05
Magic - 10th Edition: Lord of the Undead - #155 - R - Near Mint Lord of the Undead,1,$23.00
Magic - 10th Edition: Denizen of the Deep - #80 - Lightly Played,1,$0.18
Magic - 10th Edition: Aura of Silence - #6 - U - Near Mint,1,$5.44
Lightning Strike,1,$0.02
Knight of the Holy Nimbus,1,$0.10
Invoke the Winds,1,$0.04
Harrow,1,$0.25
Errant Doomsayers,1,$0.02
Dragon's Fire,1,$0.05
Amoeboid Changeling,1,$1.50
"""Magic - Kamigawa: Neon Dynasty: Island (296) - JP Full Art - #296 - L
- Near Mint Foil""",1,$2.53
"""Magic - Dominaria United: Queen Allenal of Ruadach (Textured Foil)
- #350 - U - Lightly Played Foil""",1,$0.49
"""Magic - Adventures in the Forgotten Realms: Plundering Barbarian - #158
- C - Near Mint""",1,$0.02
,0,#DIV/0!
Grand Total,533,$1.04